Model,Mean_AUC,Std_AUC,Min_AUC,Max_AUC
random_forest,0.5266255593549476,0.01970137318308932,0.49659242021276595,0.549983113812901
gradient_boosting,0.5486958058932793,0.025617265476751264,0.5196724079702804,0.5883991894630194
logistic_regression,0.5510999767814928,0.02791595630345617,0.5348238031914894,0.6064674096588991
ensemble,0.5479277482269503,0.013689963254147295,0.5257646276595745,0.5656028368794327
